IDPlans,Department,Title,Amount,Detail,UseForUnit,PlanName,WorkName,BudgetName,BudgetType,EmpCatagory,GroupType,Year,PSUPassport,FileUpload
5,??????????????????????????,?????????????????????,15000,"??????????????????????????????????????????????? ????? 12 ???????? 1,250 ???",???????????,???????????????????????,???????????????,????????????,???????????,?????????,??????????????? group,2020,thanita.s,
6,??????????????????????????,????????????????????????????????,48000,"????????????? ???. ?????????????????????? ????? 2 ?? ???????? 12 ?????? 4,000 ???",???????????,???????????????????????,???????????????,????????????,???????????,?????????,??????????????? group,2020,thanita.s,
7,??????????????????????????,?????????????????????????????????,3000,?????????????????????????????????????????? ??????????????????????????????? ???????????????????????????? ?????????????????,???????????,???????????????????????,???????????????,????????????,???????????,?????????,??????????????? group,2020,thanita.s,
8,????????,???????,65000,"- ?????????????????????????????????????????? (?????????????????????????????????) ????? 5,000 ??? - ??????????????? ????????????????? ??????? 5,000 ??? ????? 12 ????? ??? 60,000 ???",???????????,???????????????????????,???????????????,????????????,???????????,?????????,??????????????? group,2020,thanita.s,
9,????????,?????????????????,793634,"- ?????????????????????????????????????????????????? 2564 ????? 550,000 ??? - ????????????????????? ??????????????????????????????????? 100,000 ??? - ????????????????????????????? (?????) ??????? 7,195.75 ????? 12 ????? ??? 86,349 ??? - ???????????????????????????????? (????????) ??????? 2,273.75 ??? ????? 12 ????? ??? 27,285 ??? - ??????????????????????????????????????? ??????? 2,500 ??? ????? 12 ????? ??? 30,000 ???",???????????,???????????????????????,???????????????,????????????,???????????,?????????,??????????????? group,2020,thanita.s,
10,????????,??????????????????,70000,???????????????????????????????????????????????????????? ???????????? ?????????????????????????????????????????????,???????????,???????????????????????,???????????????,????????????,???????????,?????????,??????????????? group,2020,thanita.s,
11,????????,???????????????????,2400,?????????????????? ????????????????? 200 ??? ????? 12 ?????,???????????,???????????????????????,???????????????,????????????,???????????,?????????,??????????????? group,2020,thanita.s,
12,??????????????????????????,????????????????????????????????,35000,????????????????????? 1 ???????????????????????????????????????????????????????????,???????????,???????????????????????,???????????????,????????????,???????????,?????????,??????????????? group,2020,thanita.s,
13,????????,????????,100000,????????????????????????? ??????????????????? ??????????????????? ?????????? ?????????????,???????????,???????????????????????,???????????????,????????????,???????????,????????,??????????????? group,2020,thanita.s,
14,????????,??????? ??????????????,20000,????????????????????-??????????? ???? 5-7,???????????,???????????????????????,???????????????,????????????,???????,???????????,??????????????? group,2020,thanita.s,
15,??????????????????????????,???????????????????????????????,200000,"??????????????? ???????????????????? ????????????????????????? ????? 200,000 ??? ??????????????????????????????????????????????????????????????????????????????",???????????,???????????????????????,???????????????,????????????,???????????,?????????,??????????????? group,2020,thanita.s,
16,????????,???????????????????????????????????????????????????????????????????,50000,??????????????????????? ??????????? ?????????????????????????????????????????,???????????,???????????????????????,???????????????,????????????,???????,???????????,??????????????? group,2020,thanita.s,
17,??????????????????????????,??????????????????????????????,50000,????????????????????,???????????,???????????????????????,???????????????,????????????,???????,???????????,??????????????? group,2020,thanita.s,
18,??????????????????????????,?????,30000,?????????????????????????????????????????????????? ????? 4 ???,???????????,???????????????????????,???????????????,????????????,???????,???????????,??????????????? group,2020,thanita.s,
19,??????????????????????????,?????????????????????????????????????,10000,????????????????????????????????????????????????,???????????,???????????????????????,???????????????,????????????,???????????,????????,??????????????? group,2020,thanita.s,
21,????????,???????????????,50000,???????????????????????????????????????????????????????????,???????????,???????????????????????,???????????????,????????????,???????,???????????,??????????????? group,2020,thanita.s,
22,??????????????????,??????????????????,3000,????????????????????????????????????????????????,???????????,???????????????????????,???????????????,????????????,???????????,??????????????,??????????????? group,2020,prapaporn.bu,
24,?????????????????,?????????????????????????????????????????????????????,1640000,"??????????????????????????????????????? 8 ????? 1.?????????-???????????????????????????? 15,181.- ??? x 12 ????? x 1 ????? = 182,172 ??? 2.?????????-???????????????????????????? 16,994.- ??? x 12 ????? x 1 ????? = 203,928 ??? 3.?????????-???????????????????????????(2 ??) 25,990.-??? x 12 ????? = 311,880 ??? 4.?????????-?????????????????????? 18,153.-??? x 12 ????? x 1 ????? = 217,836 ??? 5.?????????-??????????????????? 19,538.-??? x 12 ????? x 1 ????? = 234,456 ??? 6.?????????-?????????????????????? 17,313.-??? x 12 ????? x 1 ????? = 207,756 ??? 7.?????????-??????????????????????? ?.?? 22,750.-??? x 12 ????? x 1 ????? = 273,000 ???",???????????,???????????????????????,???????????????,????????????,?????????,???????,??????????????? group,2020,pattama.ru,
25,?????????????????,??????????????????,24000,"??????????????????????????????????????????????????????????????????????????????????????? ??????? 2,000 .-???(????????????????????????)",???????????,???????????????????????,???????????????,????????????,?????????,???????,??????????????? group,2020,pattama.ru,
26,?????????????????,?????????????,96000,"????????????????????????????????????????????????????????????????????????????? 4 ?? x 12 ????? x 2,000.-???",???????????,???????????????????????,???????????????,????????????,???????????,?????????,??????????????? group,2020,pattama.ru,
27,?????????????????,??????????,20000,??????????????????????????????????????????????????????????????? ??????????????????? ????????? ?????????????????????????????,???????????,???????????????????????,???????????????,????????????,???????????,?????????,??????????????? group,2020,pattama.ru,
28,?????????????????,??????????????????,100000,??????????????????????????????????????????????????????????????????????????????? ??????????????? ??????????????????????????????? ?????????????????????,???????????,???????????????????????,???????????????,????????????,???????????,?????????,??????????????? group,2020,pattama.ru,
29,????????????????,??????????????,21000,???????????????????????????????? (???????????????????????????? 2563 ??????????????????????????????????????????????????????????),???????????,???????????????????????,???????????????,????????????,???????,???????????,??????????????? group,2020,kittipong.pr,
30,??????????????????????????,???????????????????,1300000,????????????????????????????????????????????? 2564 ??????????? 2563-??????? 2564,???????????,???????????????????????,???????????????,????????????,???????????,??????????????,??????????????? group,2020,thanita.s,
31,????????????????,?????????????????? ?????????,12000,?????????? 1.Backdrop ???? 230*320 ??. 2.M Stand ??????????? 3.??????????????? 2 ??? 4.???????? 2 ???,???????????,???????????????????????,???????????????,????????????,???????,???????????,??????????????? group,2020,kittipong.pr,
32,????????????????,???????????????????? switcher,11800,"???????????????????? (???????????????????????? 4 ????) ?????????????????????????????? ???????????????????? ??????? live streaming, ???????????? ????????????????????????",???????????,???????????????????????,???????????????,????????????,???????,???????????,??????????????? group,2020,kittipong.pr,
33,????????????????,USB-C TO HDMI/VGA,2180,????????????????? ?????????????????????,???????????,???????????????????????,???????????????,????????????,???????????,????????,??????????????? group,2020,kittipong.pr,
34,????????????????,MICRO HDMI TO HDMI FEMALE,380,????????????????? ?????????????????????,???????????,???????????????????????,???????????????,????????????,???????????,????????,??????????????? group,2020,kittipong.pr,
35,????????????????,MINI DISPLAY PORT TO HDMI/VGA,490,????????????????? ?????????????????????,???????????,???????????????????????,???????????????,????????????,???????????,????????,??????????????? group,2020,kittipong.pr,
36,????????????????,??? HDMI 10 ????,1600,??????????????,???????????,???????????????????????,???????????????,????????????,???????????,????????,??????????????? group,2020,kittipong.pr,
37,????????????????,????????????????????? ? ???? ?????????? ???????,20000,?????????????? ??????????????????? (?????????????????????????????? 2563 ??????????????????????????????????????????????????????????),???????????,???????????????????????,???????????????,????????????,???????????,?????????,??????????????? group,2020,kittipong.pr,
38,????????????????,?????????????????? ????????,40000,??????????????? ???????? ?????????? (?????????????????????????????? 2563 ??????????????????????????????????????????????????????????),???????????,???????????????????????,???????????????,????????????,???????????,?????????,??????????????? group,2020,kittipong.pr,
39,????????????????????,?????????????????? economics.psu.ac.th,8400,??????????????????????? economics.psu.ac.th 700 ???/?????,???????????,???????????????????????,???????????????,????????????,???????????,?????????,??????????????? group,2020,chaimanat.l,
40,????????????????????,license SSL ?????????????????????,2400,?????????????????????????????????????????? ???????? 2 ??,???????????,???????????????????????,???????????????,????????????,???????????,?????????,??????????????? group,2020,chaimanat.l,
41,????????????????????,?????????????????????,40000,??????????????????????????????? ?????????????? ????????????????? 2 ???,???????????,???????????????????????,???????????????,????????????,???????,???????????,??????????????? group,2020,chaimanat.l,
42,????????????????????,Access Point,115000,"Access Point ?????????????????????? Access Point ????? 5 ?????? 23,000.00",???????????,???????????????????????,???????????????,????????????,???????,???????????,??????????????? group,2020,chaimanat.l,
43,????????????????????,??????????????,4500,"????????????????? ???????????????????? ??????????????????? 3 ?????? 1,500.00",???????????,???????????????????????,???????????????,????????????,???????????,????????,??????????????? group,2020,chaimanat.l,
44,????????????????????,??????????? SSD,5000,"??????????? SSD ?????????????? SSD ????? 5 ?????? 1,000.00 ??? 5,000.00",???????????,???????????????????????,???????????????,????????????,???????????,????????,??????????????? group,2020,chaimanat.l,
45,????????????????????,Keyboard,1750,"???????? ???????????????????? Keyboard ????? 5 ?????? 350.00 ??? 1,750.00",???????????,???????????????????????,???????????????,????????????,???????????,????????,??????????????? group,2020,chaimanat.l,
46,????????????????????,Mouse,1750,"Mouse ???????????????????????????????????????????????????????? Mouse 5 ?????? 350.00 ??? 1,750.00 ???",???????????,???????????????????????,???????????????,????????????,???????????,????????,??????????????? group,2020,chaimanat.l,
47,????????????????????,?????,7500,"????? ????? 10 ??????? 750.00 ??? 7,500.00 ????????????????????",???????????,???????????????????????,???????????????,????????????,???????????,????????,??????????????? group,2020,chaimanat.l,
48,????????????????????,?????????????????????????,35000,??????????????????????????????????????????,???????????,???????????????????????,???????????????,????????????,???????????,?????????,??????????????? group,2020,chaimanat.l,
49,????????????????????,???????????????????????,10000,???????????????????????,???????????,???????????????????????,???????????????,????????????,???????????,?????????,??????????????? group,2020,chaimanat.l,
50,????????????????????,???????????????????,10000,??????????????????? ?????????????????????????????????????????????????????????,???????????,???????????????????????,???????????????,????????????,???????????,?????????,??????????????? group,2020,chaimanat.l,
51,????????????????,???????????????????????,650000,"- ????????????????????????????????? ?????? (1) ????????????????????? ?????? ???????????????????? ????? 225,000 ??? (?????????????????????????? ??????????????? 2564) (2) ???????????????????????????????????????????????????????????? ????? 425,000 ??? (?????????????????????????? ??????????????? 2564)",???????????,??????????????????????,?????????????????,????????????,?????????????,?????,??????????????? group,2020,kaniknun.k,ID50_kaniknun.k_34989d21.xlsx
52,????????????????,??????????????????????????????????????????????????????,100000,- ??????????????????????????????????????????????????????????? ???????????????????????????????? ???????????????????????????? ???????????????????????????????? ???? ?????????????????????????? ????????????????????????????????????????????? ???????????? ??????? - ??????????????????????????????????????????? ?????????? ??????????? ????????????????????????????????????????????????? ???????????????? ???? ???. ???????????? ??????????????? ??????????????? ?????????? ????????????????????????????? ???????,???????????,??????????????????????,?????????????????,????????????,?????????????,?????,??????????????? group,2020,kaniknun.k,
53,????????????????,??????????????????,250000,- ???????????????????????????????????????????????? ????????????????? ?????? 1.??????????????????? 2.?????????? 3.????????????? 4.????????,???????????,??????????????????????,?????????????????,????????????,?????????????,?????,??????????????? group,2020,kaniknun.k,
54,????????????????,??????????????????,24000,"??????????????????????????????????????????????????????????????????????????????????? ??????????????? 2563 ????? 4,000 ??? ????? 25 ???",???????????,??????????????????????,?????????????????,????????????,?????????????,?????,??????????????? group,2020,kaniknun.k,
55,????????????????,??????????,10000,- ??????????????????????????????????????????????????????????????? ????????? ?????????????????,???????????,??????????????????????,?????????????????,????????????,?????????????,?????,??????????????? group,2020,kaniknun.k,
56,????????????????,????????????????????????????,24000,"- ????????????????????????????????????, ??????????????????????? ???????????????????????????????????????????????????? ???????? - ??????????????????? 12,000 ??? - ???????????????????????? 12,000 ???",???????????,??????????????????????,?????????????????,????????????,?????????????,?????,??????????????? group,2020,kaniknun.k,
57,????????????????,?????????????????,20000,- ?????????????????????????????????????????????????????????/ ??????????????????????????????????????????????????? ??.,???????????,??????????????????????,?????????????????,????????????,?????????????,?????,??????????????? group,2020,kaniknun.k,
58,????????????????,????????????????????????????????????,100000,?????????????????????????????????????????????????????????????????????????????????????????????,???????????,???????????????????????,???????????????,????????????,?????????????,?????,??????????????? group,2020,kaniknun.k,
59,????????????????,??????????????????????????????????????????????????????????????????,5000,??????????????????????????????????????????????????????????????????,???????????,???????????????????????,???????????????,????????????,???????????,?????????,??????????????? group,2020,kaniknun.k,
60,????????????????,???????????????????????????????????????????????????,20000,?????????????????????????????????????????????????????????????????????? ???? ??????????????? ??????????????? ????????,???????????,??????????????????????????????,???????????????????????????,????????????,?????????????,?????,??????????????? group,2020,kaniknun.k,
61,?????????????????,"????????,???????????????????????",10000,????????????????? ??????????????????????????????????????????????????????? ???????????????????????????????? ?????????????????????????????? ???????????????????????????????????????????????????,???????????,???????????????????????,???????????????,????????????,???????????,?????????,??????????????? group,2020,pattama.ru,
62,?????????????????,??????????????????????,72000,???????????????????????????????????????????????????????(750.-???x12?????x8??),???????????,???????????????????????,???????????????,????????????,???????????,?????????,??????????????? group,2020,pattama.ru,
63,?????????????????,????????????????????????????,90000,??????????????????????????????????????????????????????????????????? 8 ?? ????? 5% ?????????????????,???????????,???????????????????????,???????????????,????????????,???????????,?????????,??????????????? group,2020,pattama.ru,
64,?????????????????,????????????????(???????????),4000,?????????????????????????????????????????????????????????????,???????????,???????????????????????,???????????????,????????????,???????????,?????????,??????????????? group,2020,pattama.ru,
65,?????????????????,?????????????????????????,35000,????????????????????????????????????,???????????,???????????????????????,???????????????,????????????,?????????????,?????,??????????????? group,2020,pattama.ru,
66,?????????????????,??????????????????????????????,100000,"???????????????????????????? ??.???????????????? ???? ???????????????(??????????????),??????????????????????????????????????????? ?",???????????,???????????????????????,???????????????,????????????,?????????????,?????,??????????????? group,2020,pattama.ru,
67,?????????????????,??????????????,47000,?????????????????????????????????????????????????????????????????????????????????????????????????? ???????????????????????????????????????????????????????????????????? 47 ?? x 1000.- ???,???????????,???????????????????????,???????????????,????????????,?????????????,?????,??????????????? group,2020,pattama.ru,
68,?????????????????,????????????????????????,9400,????????????????????????????????????????????????????????? 47 ?? x 200.- ???,???????????,???????????????????????,???????????????,????????????,?????????????,?????,??????????????? group,2020,pattama.ru,
69,?????????????????,?????????????????????(COVID-19),28200,??????????????????????????????(COVID-19) ?????????????????????? 600.-??? x 47 ??,???????????,???????????????????????,???????????????,????????????,?????????????,?????,??????????????? group,2020,pattama.ru,
70,?????????????????,?????????????????,10000,????????????????????????/?????/????????????????????,???????????,???????????????????????,???????????????,????????????,?????????????,?????,??????????????? group,2020,pattama.ru,
71,?????????????????,????????,10000,"?????????,????????????????/????????",???????????,???????????????????????,???????????????,????????????,???????????,????????,??????????????? group,2020,pattama.ru,
72,?????????????????,??????????????????????????????????????????????????????????????????????,30000,????????????????????????????????????????????????????????????????????????????????????,???????????,???????????????????????,???????????????????????????????????????,????????????,???????????,?????????,??????????????? group,2020,pattama.ru,
73,????????????????,?????????????????,15000,"1) ?????????? Digital Signage 5,000 ??? 2) ??????????????????????????????? 10,000 ???",???????????,???????????????????????,???????????????,????????????,???????????,?????????,??????????????? group,2020,thitiya.t,
74,????????????????,???????????????????,10000,???????????????????????? ??????????????????????? ??????????????????? ? ?????????????????????? ???????????????????????????????????????????????????????? ????????????????????????? ?????????????????????????,???????????,???????????????????????,???????????????,????????????,???????????,?????????,??????????????? group,2020,thitiya.t,
75,????????????????,????????,30000,"1) ???????????????????, ??? ?.?.?./?????????????????????????? ? 2) ????????? ?????????? ??????? ??????? ?",???????????,???????????????????????,???????????????,????????????,???????????,????????,??????????????? group,2020,thitiya.t,
76,????????????????,???????????,3000,?????? ?.?.? ?????? ?????????????????????????? ?,???????????,???????????????????????,???????????????,????????????,???????????,??????????????,??????????????? group,2020,thitiya.t,
77,?????????????????,????????????????????????? ????????????????,289000,"??????????????????????? ???????????? ????????????????? ???????????/??????/???????/????? ???? ??????????????????????????????????????????????????????????????????????? -??????????????????(??????????????????) 10 ?? x 17,000.-??? -??????????????????(?????????????????) 7 ?? x 17,000.- ???",???????????,???????????????????????,???????????????????????????????????????,????????????,???????????,?????????,??????????????? group,2020,pattama.ru,
78,????????????????,?????????????????,25000,????????????????????????????? ?????????????????????????????????????????????????????????????????,???????????,???????????????????????,???????????????,????????????,?????????????,?????,??????????????? group,2020,thitiya.t,
79,?????????????????,????????????????????????? ?????????????????????????????????????????,120000,"??????????????????????? ???????????? ????????????????? ???????????/??????/???????/????? -????????????? ?????????????????? 6 ?? x 20,000.-???",???????????,???????????????????????,???????????????????????????????????????,????????????,???????????,?????????,??????????????? group,2020,pattama.ru,
80,?????????????????,??????????????????????????????????????????????????,732000,"1.????????? - ??????????????(?.????? ) ??????? 29,500.- ??? x 12 ????? x 1?? 2. ????????? - ?????????????? (????????????/?????????)????????????????????????? ?????????????????????????????????????????????????????????? ????????????????????????????????????????????? Adjunct Professor) ??????? 31,500.-??? x 12 ????? x 1 ?????",???????????,?????????????????,????????????????????????????,????????????,?????????,???????,??????????????? group,2020,pattama.ru,
81,?????????????????,???????????????????,27000,????????????????????????????????????????????????????????????????????? 750.-??? x 12 ?? x 3 ??,???????????,?????????????????,????????????????????????????,????????????,???????????,?????????,??????????????? group,2020,pattama.ru,
82,?????????????????,????????????????????????????,55000,??????????????????????????????????????????????????????????????????????? ????? 3 ?? ??????? 5% ?????????????????,???????????,?????????????????,????????????????????????????,????????????,???????????,?????????,??????????????? group,2020,pattama.ru,
83,?????????????????,????????????????????????????????,22300,?????????????????????????????????????????????????????????????????????????????????????????????(????????????) 1 ?? ??????? 7% ?????????????????,???????????,?????????????????,????????????????????????????,????????????,???????????,?????????,??????????????? group,2020,pattama.ru,
85,????????????????,?????????????????????????????????????,100000,???????????????????????????????????????? ?????? 1) ???????????? ? ???? VTR ??????? ????? Backdrop ??? 2) ???????????????????? ? 3) ???????????????????????????? ?????????????????????????? (?????? Roadshow ???? ?) ?????????????????????? ???????? ???????????????? 4) ?????????????? ? ???????????????????????????????????,???????????,???????????????????????,???????????????,????????????,?????????????,?????,??????????????? group,2020,thitiya.t,
87,?????????????????,???????????????(??????????),1000,??????????????????????????????????????????/?????????????????????????????????????????? 1 ??,???????????,?????????????????,????????????????????????????,????????????,???????????,?????????,??????????????? group,2020,pattama.ru,
88,????????????????,?????????????????????????? ????????????????????,100000,???????????????????????????????????????? ?????? 1) ??????????????????????????????????????????? AUN-AEC 2) ???????????????????????????????????????????????????/????????????????????????????? MOU/MOA ??????? 3) ??????????????????????????????????????????????/??????????????????????? MOU/MOA ??????? 4) ??????????????????????????????????????????????????????? (Internationalization at Home) ???? ?????? Exchange Program Summer School ?????????????????????????????????????????? ??????? 5) ???????????????????????????????????????????????????????????????????????????????????????/??????????????????????????? ? ??????????????????,???????????,???????????????????????,???????????????,????????????,?????????????,?????,??????????????? group,2020,thitiya.t,
89,????????????????,????????????????????????????,15000,???????????????????????????? ???????? ??????? ??????? ? ???????????????????????? ???? ????????????????? ?????????????????????? ??????????? ? ????????????????????,???????????,???????????????????????,???????????????,????????????,?????????????,?????,??????????????? group,2020,thitiya.t,
90,?????????????????,???????????????????????????????????,40000,?????????????????????????????????????????????????,???????????,??????????????????????,?????????????????????????????????,????????????,???????????,?????????,??????????????? group,2020,pattama.ru,
91,????????????????,????????????????????????????????? ???????? Work Permit ???????????????????????,10000,????????????????????????????????????????????????????????? ?????? 1) ??????/??????????????? (Visa) 2) ??????????????????/???????????????? (Work Permit),???????????,?????????????????,????????????????????????????,????????????,???????????,?????????,??????????????? group,2020,thitiya.t,
92,????????????????,??????????????????????????????????????????????,100000,?????????????????????-???? ??????????????????????????????????????????????????? (1 ????????????????),???????????,?????????????????,????????????????????????????,????????????,???????????,?????????,??????????????? group,2020,thitiya.t,
94,????????????????,?????????????? ???????????????????????????,50000,????????????????????????????????????????????????????????????????????????? ??????????????????? ???????????????????????????????/???????????????????????????????????????????????????????? ???? ???????????????????????????????????? ? ??????????????????????????????????????????????? ???????,???????????,???????????????????,??????????????????????????,????????????,???????????,?????????,??????????????? group,2020,thitiya.t,
95,????????????????,????????????????????????????????????????????,150000,??????????????????????????????????????????? ???????/????????? ?????????????????????????????????? ??????????????????????????????????????? ????????????????????,???????????,???????????????????,??????????????????????????,????????????,?????????????,?????,??????????????? group,2020,thitiya.t,
96,?????????????????,?????????????????????????????????????????,10000,???????????????????????????????????????????????????????????????????????????????????,???????????,??????????????????????,?????????????????????????????????,????????????,???????????,????????,??????????????? group,2020,pattama.ru,
97,????????????????,????????????????????????????????????????????????????????,50000,"?????????????????????????????????????????????????????????????????????????????????????????: ????????????/??????????? ?????????????????? ????????????????? ?????????? ????????????????????????????????????????????? ? ????? 50,000 ???",???????????????????,???????????????????,??????????????????????????,????????????,?????????????,?????,??????????????? group,2020,thitiya.t,
98,?????????????????,???????????????????????????? ????????????????,650000,"??????????????????????? ???????????? ????????????????????????????/??????/???????/?????/???????? ?????????????????????????????? ?????? 1.???????(???????? ???.???????) 23 ?? x 25,000.- ??? 2.???????(??????????????????????) 3 ?? x 25,000.- ???",???????????,??????????????????????,????????????????????????? (??? ?),????????????,???????????,?????????,??????????????? group,2020,pattama.ru,
99,????????????????,??????? ?.?.???????,150000,"??????????????????????????????????? ?.?.??????? ?????????????? ??????????? 1) ??????????????? 10,000 ??? 2) ????????????????????????????? (??.) 70,000 ??? 3) ?????????????????????????????????????? (??.) 70,000 ???",???????????,???????????????????,??????????????????????????,????????????,?????????????,?????,??????????????? group,2020,thitiya.t,
100,????????????????,????????????????????????????????????????????????????????????????????,120000,???????????????????????????????????????????????????????????????????????????????????????????? ???? ?????????????????????????????? ? ???????,???????????,???????????????????,?????????????????????????????,????????????,?????????????,?????,??????????????? group,2020,thitiya.t,
102,?????????????????,???????????????????,60000,"- ???????????????? 5,000 ??? - ?????????????? 2,000 ??? - ???????????????????? 1,500 ??? - ?????????????????????????????????? (?????????????????????????? 10,000 ???????????????????????? 5,000) - ???????????????????????????????? 25,000 ??? - ????????????????????????? 3,000 ??? - ????????????????????? 5,000 ??? - ????? ????????????? 3,000 ???",???????????????????,?????????????????,????????????????????????????,????????????,?????????????,?????,??????????????? group,2020,thiti.m,
103,?????????????????,??????????????????????????????,36000,??????????????????????????? TOEFL IELTS GRE ????????????????? ????????????????????????????????????????????????? 4 ??? ????? 9000 ???,???????????,??????????????????????,????????????????????????? (??? ?),????????????,?????????????,?????,??????????????? group,2020,pattama.ru,
104,?????????????????,??????????????????????,50000,??????????????????????,???????????????????,?????????????????,????????????????????????????,????????????,?????????????,?????,??????????????? group,2020,thiti.m,
105,?????????????????,??????? PBL,5000,??????? PBL,???????????????????,?????????????????,????????????????????????????,????????????,?????????????,?????,??????????????? group,2020,thiti.m,
106,?????????????????,?????????????????????,2000000,???????????????????????????????????????????????????????? 4 ?? ?????????????????????????????????????????????????????????? ??? Ph.D 50%,???????????,??????????????????????,????????????????????????? (??? ?),????????????,?????????????,?????,??????????????? group,2020,pattama.ru,
107,???????????????,??????????????????????????????????????????????????????????????????? (1 ????????),11000,"???????????????????????????????? AUN QA ??????????? ??.?????? ??? ???. ???????????? 2564 (???????????????????????????????????????????????? 64) ?????????????????????? ???????????? 1 ???????? ??? ?????? 1 ?? 6,000 ?. + ??. 1 ?? 5,000 ?. = 11,000 ?.",???????????????????,???????????????????????,???????????????,????????????,???????????,?????????,??????????????? group,2020,sirikarn.k,
108,?????????????????,???????????????????,80000,"- ???????????????? 5,000 ??? - ?????????????? 2,000 ??? - ???????????????????? 1,500 ??? - ?????????????????????????????????? (?????????????????????????? 15,000 ???????????????????????? 5,000) - ???????????????????????????????? 40,000 ??? - ????????????????????????? 3,500 ??? - ????????????????????? 5,000 ??? - ????? ????????????? 3,000 ???",????????????????????????,?????????????????,????????????????????????????,????????????,?????????????,?????,??????????????? group,2020,thiti.m,
109,?????????????????,??????????????????????,50000,??????????????????????,????????????????????????,?????????????????,????????????????????????????,????????????,?????????????,?????,??????????????? group,2020,thiti.m,
110,?????????????????,???????????????????????????????,40000,???????????????????????????????????????????? ????????????? ???????????????????? ??????????????????????????????????? ?????????????????????????????????????????? ????? 4 ??? ????? 10000.- ???,???????????,??????????????????????,????????????????????????? (??? ?),????????????,?????????????,?????,??????????????? group,2020,pattama.ru,
111,?????????????????,?????????????????????????????????????,60000,?????????????????????????????????????,????????????????????????,?????????????????,????????????????????????????,????????????,?????????????,?????,??????????????? group,2020,thiti.m,
112,??????????????????????????,?????????????????????(?????),60000,???????????????????????????????????? ????? 20 ???,???????????,???????????????????????,???????????????,????????????,???????????,????????,??????????????? group,2020,thanita.s,
113,?????????????????,????????????????? Tell Me More ??? PSU English Test,5000,1. ??????????????????????????????????????????? Tell Me More 2. ???????????????????????????????????????????????? ??????? ????????????????????????????????????????????????????????? ????????????????????????????? ????????? ???????????????? ???????????????????? ??????????????????????????? ???? ?????? ????????????????????? ?????????????????????????? ?????????? ?????????????????? ?????? ???????????????????? ??????????????? ??????????????????????????????????????????????????? ???????,???????????,???????????????????????,????????????????????????????,????????????,?????????????,?????,??????????????? group,2020,thiti.m,
114,?????????????????,?????????????,40000,??????????????????????????????????? ?,???????????,?????????????????,????????????????????????????,????????????,???????????,?????????,??????????????? group,2020,thiti.m,
115,???????????????,???????????????????????????????????????????????????????????????????????? (2 ????????),22000,"???????????????????????????????? AUN QA ??????????? ??.?????? ??? ???. ???????????? 2564 (???????????????????????????????????????????????? 64) ??????????????????????????? ?? 2 ???????? ???????????? ??? (?????? 1 ?? 6,000 ?. + ??. 1 ?? 5,000 ?.)x2 ???????? = 22,000 ?.",????????????????????????,???????????????????????,???????????????,????????????,???????????,?????????,??????????????? group,2020,sirikarn.k,
116,???????????????,?????????????????????? ?????????? EdPEx,3500,"?????????????????????? 5,000 ??? ???? 3,600 ??? ??????????????????????????????????????????????????????????????? ???????? EdPEx ?????? ???????????????? = ??.3+??.4+??.2+??.??1+??.9+??.5+???.15 = 39 ?? (?????????????????? 26 ??) ????????????????? = 26 ?? x 30 ?. x 2 ???????????? = 1,560 ?. ???????????? ?????????????????????????? ??. 2+??.4+?.8+???.15 = 29 ?? x 60 ?. = 1,740 ?. ??????? 5 ????? ???????? 50 ?. = 5 x 50 ?. = 250 ??? ?????????? = 3,550 ??? ????????????????????????????????????????????? ???????? EdPEx ???????????????",???????????,???????????????????????,???????????????,????????????,???????????,?????????,??????????????? group,2020,sirikarn.k,
117,?????????????????,???????????????????????????????????????????????????????????????,5000,??????????????????????????????????????????????????????????????????????????????,???????????,??????????????????????,?????????????????????????????????,????????????,???????????,????????,??????????????? group,2020,pattama.ru,
118,???????????????????,?????????????????????? ????????????????????????????????????????????????? ??????????????????????????????????????????,900,???????????? 900 ??? ????????????????????????????? ?????????????????????? ????????????????????????? 1) ?????????????????????? ????????????? 3 ?? + ???.????????????? 2 ?? + ????? 1 ?? + ??.???????? (?????) 1 ?? = 7 ?? ??????????????? 60 ?. X 7 ?? = 420 ?. ???????????? ???????? 1 ???? = 7 ?? x 30 ?. = 210 ?. ??????? 1 ??? = 50 ?. ??? 680 ??? 2) ??????????????????? (????????) 2 ????? ???????????????????? ???????????? 2 ????? x 3 ?? x 30 ?. = 180 ?. ?????????????????????? ?????????? 1) + 2) = 860 ?.,???????????,???????????????????????,???????????????,????????????,???????????,?????????,??????????????? group,2020,sirikarn.k,
119,???????????????,?????????????????????? ?????????????????? site visit ??????????????????????????????,3000,"??????????????????????????????????????????????????????????? ??? site visit (??.2+??.4+??.1+?.9+???.15 = 31 ??) ????????????????? = 31 ?? x 30 ?. x 1 ???????? = 930 ?. ???????????? = 31 ?? x 60 ?. = 1,860 ?. + ??????? 3 ????? ?? 50 ?. = 150 ??? ??? 2,940 ???",???????????????????,???????????????????????,???????????????,????????????,???????????,?????????,??????????????? group,2020,sirikarn.k,
120,???????????????,?????????????????????? ?????????????????? site visit ???????????????????????????????????,4880,"????????????????? site visit ???????????????????????????????? ????? 2 ???????? ?????? 1) ??????????????????????????????? (??.2+??.2+??.1+?.6+???.15 = 26 ??) ????????????????? = 26 ?? x 30 ?. x 1 ???????? = 780 ?. ???????????? = 26 ?? x 60 ?. = 1,560 ?. ??????? 2 ????? ?? 50 ?. = 100 ??? ??? 2,440 ??? 2) ?????????????????????????????????? (??.2+??.2+??.1+?.6+???.15=26??) ????????????????? = 26 ?? x 30 ?. x 1 ???????? = 780 ?. ???????????? = 26 ?? x 60 ?. = 1,560 ?. + ??????? 2 ????? ?? 50 ?. = 100 ??? ??? 2,440 ??? ??????? 1) + 2) = 4,880 ??? (??????????????????????????????? 1 ???)",????????????????????????,???????????????????????,???????????????,????????????,???????????,?????????,??????????????? group,2020,sirikarn.k,
121,???????????????????,?????????????????????? ????????????????????????? (???????????????),600,??????????????? 900 ??? ???? 600 ??? ?????????????????????????????????????????????????? (?????????????????????????????? ???????????????????????????????????????????????????????????) ??????? ???????????????? ????????????????????????????????????????????????????????? ???????????????????????????? ??????????????????????????????? ??????????????????? (???? ?????????????????????????) ?????????? 1 ??? = 50 ?. ?????????????? 2 ?? x 10 ??? x 25 ?. = 500 ?. ??? 550 ???,???????????,???????????????????????,???????????????,????????????,???????????,?????????,??????????????? group,2020,sirikarn.k,
122,???????????????,??????????????????????????????????????????????????????? ???????????????????,16000,"???????????????????????????????? - ?????????? (2??x6,000?.) + ?????????(2??x1,450?.) + ???Taxi(2 ??x600?.) = 16,100 ?.",???????????????????,???????????????????????,???????????????,????????????,???????????,?????????,??????????????? group,2020,sirikarn.k,
123,???????????????,??????????????????????????????????????????????????????? ????????????????????????,32000,"??????????????????????????????????????????????????????????? (????? 2 ????????) 1) ??????????????????????????????? ?????????? (2??x6,000?.) + ?????????(2??x1,450?.) + ???Taxi(2 ??x600?.) = 16,100 ?. 2) ??????????????????????? ?????????? (2??x6,000?.) + ?????????(2??x1,450?.) + ???Taxi(2 ??x600?.) = 16,100 ?. ??????????? 1)+2) = 16,100 x 3 = 48,300",????????????????????????,???????????????????????,???????????????,????????????,???????????,?????????,??????????????? group,2020,sirikarn.k,
124,?????????????????,?????????????????????????????,20000,????????????????????????????? ???? 1.?????????????????????????????????????????? 2.????????????????????????? ??.,???????????,??????????????????????,????????????????????????? (??? ?),????????????,?????????????,?????,??????????????? group,2020,pattama.ru,
125,?????????????????,?????????????????????????????(???????????????????)),140000,???????????????????????????????????????????????? ???? 1.????????????????????????????????????????? 2.?????????????????????????????????????????? PBL 3.???????????????????????????????? 4.??????????????? ? ????????????????,???????????????????,??????????????????????,????????????????????????? (??? ?),????????????,?????????????,?????,??????????????? group,2020,pattama.ru,
126,?????????????????,?????????????????????????????(????????????????????????),100000,??????????????????????????????????????????????????? ???????????????? ????????????????,????????????????????????,??????????????????????,????????????????????????? (??? ?),????????????,?????????????,?????,??????????????? group,2020,pattama.ru,
127,?????????????????,????????????????????????????????????????????????,25000,??????????????????????????????????????????????? ?????? ???????????? ??????????? ?????? ?????????????????????? ????????,???????????,??????????????????????????????,???????????????????????????,????????????,?????????????,?????,??????????????? group,2020,pattama.ru,
128,?????????????????,????????????????????,100000,??????????????????????? ???? ??????????????????????????????? ?????????? ????????? (????????????????????),???????????,???????????????????????,???????????????????????????????????????,????????????,?????????????,?????,??????????????? group,2020,pattama.ru,
129,?????????????????,??????????????????????????????,30000,"?????????????????????????????????????????? ???? 1.??????? KM 2.???????????????????????????????????????? 3.????????????????????????????????,??????????????????",???????????,???????????????????????,???????????????????????????????????????,????????????,?????????????,?????,??????????????? group,2020,pattama.ru,
130,???????????????,???????????? EdPEx,2500,"??????????????? 2,500 ??? ?????????????????????/?????? ???????????????????? ?????????? EdPEx ???????? 11 ???? (??.2+??.4+??.????2+??.?.??1+???QA 1+??? ?.1= 11 ???? x 227 ?. = 2,497 ?.)",???????????,???????????????????????,???????????????,????????????,???????????,????????,??????????????? group,2020,sirikarn.k,
131,???????????????,???????????? SAR ???????? ??????????????????????,1100,"????????????????????/???? ????????????????????????????????????? SAR AUN QA ??? 1 ???????? ??????????????? ??????????? ??????????????????????? 6 ???? + ??. 2 ???? + ??? QA ?????????? 1 ???? (????????????????? 1,100 ?.)",???????????????????,???????????????????????,???????????????,????????????,???????????,????????,??????????????? group,2020,sirikarn.k,
132,???????????????,???????????? SAR ???????? ???????????????????????????,2200,????????????????????/???? ????????????????????????????????????? SAR AUN QA ??? 2 ???????? ??????????????? ??????????? ??????????????????????? 2 ???????? ??? 6x2 ???? + ??. 2x2 ???? + ??? QA ?????????? 1x2 ????,????????????????????????,???????????????????????,???????????????,????????????,???????????,????????,??????????????? group,2020,sirikarn.k,
134,???????????????,????????/?????????????????????????????????????????????? Benchmark ???????????????????,15700,"???????????? 15,600 ??? ??????????????????????? Best/Good Practice (??????????????????????????????????????????????????????????????????????????????????????????????????????) ??????????????????????????????? 2 ?? ?????????? ?.????????????? 2 ?? x 4,000 ?. = 8,000 ?. ????????? 2 ??? x 2 ?? x 1,450 ?. = 5,800 ?. ??? Taxi 500 ?. x 2 ?? = 1,000 ?. ?????????????? 2 ?? x 2 ??? x 240 ?.(?????????) = 960 ?. ??? 15,760 ???",???????????????????,??????????????????????,?????????????????????????????????,????????????,???????????,?????????,??????????????? group,2020,sirikarn.k,
135,???????????????,????????/?????????????????????????????????????????????? Benchmark ????????????????????????,15700,"???????????? 15,700 ??? ??????????????????????? Best/Good Practice (????????????????????????????????????????????????????????????????????????????????????????????????????????????) ??????????????????????????????? 2 ?? ?????????? ?.????????????? 2 ?? x 4,000 ?. = 8,000 ?. ????????? 2 ??? x 2 ?? x 1,450 ?. = 5,800 ?. ??? Taxi 500 ?. x 2 ?? = 1,000 ?. ?????????????? 2 ?? x 2 ??? x 240 ?.(?????????) = 960 ?. ??? 15,760 ???",????????????????????????,??????????????????????,?????????????????????????????????,????????????,???????????,?????????,??????????????? group,2020,sirikarn.k,
139,?????????????????,??????,60000,????????????????????????????????? ?????????????? ??????????????????? ??????????? 5 ??????? (30 ?? x 400 ??? x 5 ????),???????????????????,?????????????????,????????????????????????????,????????????,???????????,?????????,??????????????? group,2020,pachisa.k,
140,?????????????????,??????,14400,????????????????????????????????? ?????????????? ??????????????????? ??????????? 6 ??????? (6 ?? x 400 ??? x 6 ????),???????????????????,?????????????????,????????????????????????????,????????????,???????????,?????????,??????????????? group,2020,pachisa.k,
141,????????,????????????????????????????????????????????????,6000,"???????????? 6,000 ????????????????? ""????????????????????? ????????????????????????"" ????????????????????????? - ?????????? (?? ?.?.) (1??X6??.X600?.) = 3,600 ?. - ??????????????? (16 ?? x 60 ?.) = 960 - ????????????/?????2????(16??X30?.X2????) = 960 ?. - ??????????????? ????? (?????????) = 500 ?. ??? 6,020 ??? - - > ?????????????? 6,000 ?.",???????????,???????????????????????,???????????????????????????????????????,????????????,?????????????,?????,??????????????? group,2020,sirikarn.k,
142,?????????????????,??????,60000,????????????????????????????????? ?????????????? ???????????????????????? ??????????? 5 ??????? (30 ?? x 400 ??? x 5 ????),????????????????????????,?????????????????,????????????????????????????,????????????,???????????,?????????,??????????????? group,2020,pachisa.k,
143,?????????????????,??????,14400,????????????????????????????????? ?????????????? ???????????????????????? ??????????? 6 ??????? (6 ?? x 400 ??? x 6 ????),????????????????????????,?????????????????,????????????????????????????,????????????,???????????,?????????,??????????????? group,2020,pachisa.k,
144,?????????????????,?????????,10000,??????????????????????????????????????????? 1) ???????????????????????????????????????????????? ???? ??????????????/????????? ???????????????????????????????????? ????????????????????????????????? ????? ?.?? (???????),???????????,?????????????????,????????????????????????????,????????????,???????????,?????????,??????????????? group,2020,pachisa.k,
145,?????????????????,?????????,15000,"??????????????????????????????????????????? 2) ???????????????????????????????????? ?????????????????????????????? ????? ?.?? ??????? ???????????????????????????????????????????????????????? (1 ???? x 15,000 ???)",???????????,?????????????????,????????????????????????????,????????????,???????????,?????????,??????????????? group,2020,pachisa.k,
146,????????????????????,???????????????????,30000,??????????????????? ?????????????????????????? 6,???????????????????,???????????????????????,???????????????,????????????,???????,???????????,??????????????? group,2020,chaimanat.l,
147,?????????????????,?????????,20000,??????????????????????????????????????????? 3) ?????????????????????????????????????? /?????????????? ?????????????????????????????? ????? ?.?? ???????,???????????,?????????????????,????????????????????????????,????????????,???????????,?????????,??????????????? group,2020,pachisa.k,
148,?????????????????,?????????,20000,??????????????????????????????????????????? 4)???????????????????????????? ??????????????????? ?????????????????????????????? ????? ?.?? ???????,???????????,?????????????????,????????????????????????????,????????????,???????????,?????????,??????????????? group,2020,pachisa.k,
149,?????????????????,?????????,15000,"???????????????????????????????????? ????? ?.??? ??????????????????? (1 ???? x 15,000 ???)",???????????????????,?????????????????,????????????????????????????,????????????,???????????,?????????,??????????????? group,2020,pachisa.k,
150,?????????????????,?????????,15000,"???????????????????????????????????? ????? ?.??? ???????????????????????? (1 ???? x 15,000 ???)",????????????????????????,?????????????????,????????????????????????????,????????????,???????????,?????????,??????????????? group,2020,pachisa.k,
151,?????????????????,?????????,30000,???????????????????????????????????????????? ?????????????????????????????????,???????????,?????????????????,????????????????????????????,????????????,???????????,?????????,??????????????? group,2020,pachisa.k,
152,?????????????????,??????????????????????,128000,"????????????????????????????????????????????????? ????????????????????????????????? ?????? 1) ??????????????????? ????? ?.??? ???????????? 2 ?? ???????????????????????????????????????? ???? ?????????????? (16 ????? x 8,000 ???)",???????????????????,?????????????????,????????????????????????????,????????????,???????????,?????????,??????????????? group,2020,pachisa.k,
153,?????????????????,??????????????????????,42000,"????????????????????????????????????????????????? ????????????????????????????????? ?????? 2) ???????????????????????? ????? ?.??? ???????????? 2 ?? ???????????????????????????????????????? ???? ?????????????? (14 ????? x 3,000 ???)",????????????????????????,?????????????????,????????????????????????????,????????????,???????????,?????????,??????????????? group,2020,pachisa.k,
154,?????????????????,??????????????????????,9000,"????????????????????????????????????????????????? ????????????????????????????????? ?????? 3) ???????????????????????????????????????????????????? ????? ?.?? ??????? (3 ????? x 3,000 ???)",????????????????????????,?????????????????,????????????????????????????,????????????,???????????,?????????,??????????????? group,2020,pachisa.k,
155,?????????????????,?????????????????????????,20000,????????????????????????????????????????????????? ????????????????????????????????? ?????? 4) ?????????????????????????????????????????????????????????/?????????????? ?????????????????????????????? ????? ?.?? ???????,????????????????????????,?????????????????,????????????????????????????,????????????,???????????,?????????,??????????????? group,2020,pachisa.k,
156,?????????????????,?????????????????????,12000,"?????????????????????????????????????????????????????? ?????????????????????????? 4,000 ??? ???????? ??????????????????? (4,000 ??? x 3 ????)",???????????????????,?????????????????,????????????????????????????,????????????,???????????,?????????,??????????????? group,2020,pachisa.k,
157,?????????????????,?????????????????????,12000,"?????????????????????????????????????????????????????? ?????????????????????????? 4,000 ??? ???????????????????????????????? (4,000 ??? x 3 ????)",????????????????????????,?????????????????,????????????????????????????,????????????,???????????,?????????,??????????????? group,2020,pachisa.k,
158,?????????????????,???????? ???????????????????????,10000,????????????????? ??????????????????????? ???????????????? ??????????????????????? ???????????????????????????,???????????????????,?????????????????,????????????????????????????,????????????,???????????,?????????,??????????????? group,2020,pachisa.k,
159,?????????????????,???????? ???????????????????????,10000,????????????????? ??????????????????????? ???????????????? ??????????????????????? ????????????????????????????????,????????????????????????,?????????????????,????????????????????????????,????????????,???????????,?????????,??????????????? group,2020,pachisa.k,
160,?????????????????,???????????????,2000,??????????????????????????????????????????? Clearing House ??????????????????????????,???????????,?????????????????,????????????????????????????,????????????,???????????,?????????,??????????????? group,2020,pachisa.k,
161,?????????????????,????????????????,30000,????????????????????????? ?????????????? 1) ???????????????????????????/?????????/?????????????????????? 2) ??????????????????????? ?????????????????????????? 3) ??????????????????????? ??????????????????? ??? ???????????????????????? 4) ??????????? ??????????????????? ??? ????????????????????????,???????????,?????????????????,????????????????????????????,????????????,???????????,????????,??????????????? group,2020,pachisa.k,
162,?????????????????,??????????????,8000,????????????????????????????????????????????? ???????? ??????????????????? 10 ????? x 800 ???,???????????????????,?????????????????,????????????????????????????,????????????,?????????????,????????,??????????????? group,2020,pachisa.k,
163,?????????????????,??????????????,16000,????????????????????????????????????????????? ???????? ???????????????????????? 20 ????? x 800 ???,????????????????????????,?????????????????,????????????????????????????,????????????,???????????,????????,??????????????? group,2020,pachisa.k,
164,?????????????????,?????????????????????????????????????????,75000,?????????????????????????????????????????????????????????????????????? ?????? 1) ????????????????? ???? ????????????????????????? ?????????????? ???,???????????????????,?????????????????,????????????????????????????,????????????,?????????????,?????,??????????????? group,2020,pachisa.k,
165,?????????????????,?????????????????????????????????????????,64000,"?????????????????????????????????????????????????????????????????????? ?????? 2) ?????????????????????????????????????????????????????????????????????????????????????????? ???????????????????????????????????????? ????? 2 ??? x 16,000 ??? x 2 ???????????",???????????????????,?????????????????,????????????????????????????,????????????,?????????????,?????,??????????????? group,2020,pachisa.k,
166,?????????????????,??????????????????????????????????????????????,75000,??????????????????????????????????????????????????????????????????????????? ?????? 1) ???????????????????? ??? ????????????????????????????????????????????? ?????????? ?????????? ????????? ??????????????? ??????????????? ????????????????? ???????????????? ????????????,????????????????????????,?????????????????,????????????????????????????,????????????,?????????????,?????,??????????????? group,2020,pachisa.k,
167,?????????????????,??????????????????????????????????????????????,160000,"???????????????????????????????????????????????????????????????????? ?????? 2) ?????????????????????????? ?????????????????????? ????? 5 ??? x 16,000 ??? x 2 ???????????",????????????????????????,?????????????????,????????????????????????????,????????????,?????????????,?????,??????????????? group,2020,pachisa.k,
170,????????????????,????????????????????????????????????????????,30000,- ??????????????????????????????????????????????????????????????????????????????? 2563 ?????? ??????????????????????????? ??????????????????????? 1 ????????????????????? ???????????????????????????,???????????,?????????????????,????????????????????????????,????????????,?????????????,?????,??????????????? group,2020,kaniknun.k,
171,????????,??????????,40000,"??????????????? ""?????????? ???????? 10"" (????????????????????????? 40,000 ?. ???? ???????????????????????????? ??? ?????????? 44,000 ???) ????????? : ??????????????????????????????????? 9 ???????? : ???????????????????????????? 9 ??????????????????????? Online ?????????????? Covid-19",???????????????????,?????????????????,????????????????????????????,????????????,?????????????,?????,??????????????? group,2020,sirikarn.k,ID170_sirikarn.k_3cccf3dc.pdf
172,????????,?????????????????????????????????????????????????????????,20000,"???????????? 20,000 ??? (????????????????? 25,000 ??? ????????????????????????? ????????????????????????????????????????????????? ??. ???????????????????????????????????????????????????????????????????? ???????? 8 ????????? : ????????????????????? ??.???? ??. ???????? 7 ???????? : ????????????????????????????????????????? ???? ????????????????????????? ??????????????????",????????????????????????,?????????????????,????????????????????????????,????????????,?????????????,?????,??????????????? group,2020,sirikarn.k,ID171_sirikarn.k_6c3bbdbb.pdf
173,????????,??????? Academic Lunch Talks ??????????????????????????????????????????,10000,"???????????????????????? ???????????? 10,000 ?. (?????????????? 30,000 ???) ????????????????? 1) ???????????????????????????????????????????????????????????/??????/????? 2) KM ??????????????????????????? 3) ???????????????????????????????????????????????????????????????????? 4) ??????????????????? ???????? : ???????????????????????????????????? ???????????????????????",????????????????????????,??????????????????????,?????????????????????????????????,????????????,?????????????,?????????,??????????????? group,2020,sirikarn.k,
174,????????,??????????????????????????????? ???????????????????,5000,"???????????????????????????????????????????????????????????? ?????????? 5,000 ?. ???? 1) ????? Poster ???????????????????? ????????????????????? ???? ?.?.???????, ???????????????????, ??????????????????? 2) ??????? Abtract ??????????, ???????????? ??????????????????????????????????? ????????????????? ????????????????????????? (??????????????? 3 ???-??????????????????) 3) ??????????????????????????????? ??????????????????????????????? 4) ??????? ?????? (?????) ??????? ???????? : ?????????? 2560-2561 ???? ??.?????????? ????????????? 2562 ???? ????????????? 2 ????",???????????????????,??????????????,????????????????,????????????,?????????????,????????,??????????????? group,2020,sirikarn.k,
176,????????,??????????????????????????????? ????????????????????????,5000,"???????????????????????????????????????????????????????????? ?????????? 5,000 ?. ???? 1) ????? Poster ???????????????????? ????????????????????? ???? ?.?.???????, ???????????????????, ??????????????????? 2) ??????? Abtract ??????????, ???????????? ??????????????????????????????????? ????????????????? ????????????????????????? (??????????????? 3 ???-??????????????????) 3) ??????????????????????????????? ??????????????????????????????? 4) ??????? ?????? (?????) ??????? ???????? : ?????????? 2560-2561 ???? ??.?????????? ????????????? 2562 ???? ????????????? 2 ????",????????????????????????,??????????????,????????????????,????????????,?????????????,????????,??????????????? group,2020,sirikarn.k,
177,??????????????????,???????? ?????? ????????????/???????????,20000,"???????????? 20,000 ?. (???????????????????) ??????????????????????????????????????????? ???????????????????????????????????? ???????? 63 ???????????????????????????????????????? ????????????????",???????????,??????????????????????,?????????????????????????????????,????????????,???????????,????????,??????????????? group,2020,sirikarn.k,
178,????????,?????????????????????????????????? 5 ?????? & ?????????????????????????????????????,100000,"??????????????????????????????????? 100,000 ?. 1) ??????????????????????????????????????/???????????????????????????????????????????????????????????????????? 2) ??????????????? ???????????????????????????????????????????????????????????? 5 ?????? ???????? : ??????????????????????????????? ?????????????????????? ?????????? ?????? 2.1 ???? 3 ??????????????????? 100,000 ?. ?????????????????? 200,000 ?. ??????????? ???????? : ??????????????????????????????",????????????????????????,??????????????????????,????????????????????????? (??? ?),????????????,?????????????,?????????,??????????????? group,2020,sirikarn.k,
179,?????????????????,?????????????????????????????,1008000,"???????????????????????????????????????????????????????????????? ?????? (1) ?????(???? ???.10,000 ??? + ????????? 10,000 ???) x 12 ????? (2) ???????? 3 ?? (???? ???. 5,600 ??? +????????? 5,600 ???) x 12 ????? x 3 ?? (3) ???????????? (???? ???. 2,000 ??? + ????????? 2,000 ???) x 12 ????? x 1 ?? (4) ??????????????? 2 ?? (???? ???. 5,600 ???+????????? 5,600 ???)x 12 ????? x 2 ????? (5) ?????????????????? 2 ?? 2,000 ?? x 12 ????? x 2 ??",???????????,???????????????????????,???????????????,????????????,???????????,?????????,??????????????? group,2020,pattama.ru,
180,?????????????????,???????????,39000,"??????????????????????????????????????????,??????????????? ?????? (1) ????? 750 ???/????? (750 ??? x 12 ????? x 1 ??) : 9,000 ??? (2) ???????? 500 ???/????? (500 ??? x 12 ????? x 3 ??) : 18,000 ??? (3) ??????????????? 500 ???/????? (500 ??? x 12 ????? x 2 ??) : 12,000 ???",???????????,???????????????????????,???????????????,????????????,???????????,??????????????,??????????????? group,2020,pattama.ru,
181,????????????????????,?????????????,4500,????????????????????????????????? ???? 23 ???? ????? 1 ??,???????????,???????????????????????,???????????????,????????????,???????,???????????,??????????????? group,2020,chaimanat.l,
182,??????,??????????????,30000,???????????????????????????????????????????????? ????????? ????????????????? (?????) (???????????? 6 ??????????),???????????,???????????????????????,???????????????,????????????,???????????,?????????,??????????????? group,2020,manasikarn.sm,
183,????????,????????????????,60000,"????????????????????????? ??????????????????? ?????????? ?????????????? 60,000 ???",???????????,???????????????????????,???????????????,????????????,???????????,?????????,??????????????? group,2020,manasikarn.sm,
184,?????????????????,????????????????? 5?,25000,???????????????????????????????? 5? ???????,???????????,???????????????????????,???????????????,????????????,?????????????,?????,??????????????? group,2020,manasikarn.sm,
185,?????????????????,??????????????????????????????,1200,"???????????????????????????????????????????????????????????????????????????? IT ???????????????? ????? 2 ?? x 600 ??? = 1,200 ???",???????????,???????????????????????,???????????????????????????????????????,????????????,?????????????,?????,??????????????? group,2020,manasikarn.sm,
186,?????????????????,?????????????? ????????????????????????????,324000,"?????????????????????????????????????????????????????????? ?????????????? ?????????????????????????????????????? ????????????????????????? ??????? ?.?? ??????? 27,000 ??? x 12 ????? x 1 ????? = 324,000 ???",???????????,?????????????????,????????????????????????????,????????????,?????????,???????,??????????????? group,2020,manasikarn.sm,
187,?????????????????,?????????????????????????????,32400,"????????????????????????????????????????? ????? 27 ?? x 1,200 ???",???????????,??????????????????????,?????????????????????????????????,????????????,?????????????,?????,??????????????? group,2020,manasikarn.sm,
188,?????????????????,????????????????????????,102600,"???????????????????????????????????????????????????????????????????????????????? ????? 27 ?? ???? 3,800 ????????",???????????,??????????????????????,????????????????????????? (??? ?),????????????,?????????????,?????,??????????????? group,2020,manasikarn.sm,
189,??????,???????? ???????????????????????,5000,"????????????????? ???????????????????????? ??????????????????????????????? ????? 5,000 ???",???????????,???????????????????????,???????????????,????????????,???????????,?????????,??????????????? group,2020,manasikarn.sm,
190,????????????????????,?????????? Adobe Cloud,19200,?????????? Adobe Cloud ????? 2 License ?? 800 ??? ???????? ???????? 1 ??,???????????,???????????????????????,???????????????,????????????,???????????,?????????,??????????????? group,2020,chaimanat.l,
191,?????????????????,????????????????????????????????,10000,???????????????????????????????????????????????????????????????????,???????????,???????????????????????,???????????????,????????????,???????????,?????????,??????????????? group,2020,manasikarn.sm,
192,??????????,???????????,5000,??????????????????????????? ?????????????????? ???????? ?????????????,???????????,???????????????????????,???????????????,????????????,???????????,??????????????,??????????????? group,2020,manasikarn.sm,
193,??????????,?????????????? (????????????),50000,?????????????????????????????????????????????????????????????????????????????,???????????,???????????????????????,???????????????,????????????,???????????,??????????????,??????????????? group,2020,manasikarn.sm,
194,????????????????,?????????????????????????????????????????????????????????????,50000,"??????????????????????????????????????????????????????????????????????????????????????????????: ??????????????????/????????????????????????? ????????????????????????????????????????????? ? ????? 50,000 ???",????????????????????????,???????????????????,??????????????????????????,????????????,?????????????,?????,??????????????? group,2020,manasikarn.sm,
